Timestamp,Capacity_GB,Write_Count,Delete_Count,IO_Throughput_MBps,Latency_ms,Health_Index,Daily_Raw_Growth,Is_Anomaly_GT,Event_Type
2024-02-27 08:40:43.110214,500.0,5072,1899,162.415,4.5,99.66,0.0,0,normal
2024-02-28 08:40:43.110214,501.413,5741,3065,174.724,3.749,99.686,1.413,0,normal
2024-02-29 08:40:43.110214,501.583,7387,2099,153.283,5.319,99.674,0.17,0,normal
2024-03-01 08:40:43.110214,501.583,4302,2591,153.794,4.009,99.845,0.0,0,normal
2024-03-02 08:40:43.110214,501.583,1803,349,66.846,13.281,99.485,0.0,0,normal
2024-03-03 08:40:43.110214,501.757,1792,935,65.009,10.545,99.433,0.174,0,normal
2024-03-04 08:40:43.110214,504.964,9686,3629,196.435,3.032,99.664,3.207,0,normal
2024-03-05 08:40:43.110214,504.964,4065,2324,179.967,3.719,99.712,0.0,0,normal
2024-03-06 08:40:43.110214,504.964,6027,3740,126.184,4.244,99.768,0.0,0,normal
2024-03-07 08:40:43.110214,505.17,6791,2001,196.526,3.562,99.435,0.206,0,normal
2024-03-08 08:40:43.110214,505.17,8269,1383,142.812,4.466,99.704,0.0,0,normal
2024-03-09 08:40:43.110214,505.401,2031,771,71.678,13.009,99.704,0.231,0,normal
2024-03-10 08:40:43.110214,505.414,2211,742,56.809,13.587,99.492,0.013,0,normal
2024-03-11 08:40:43.110214,507.42,8676,2779,270.046,3.116,99.513,2.005,0,normal
2024-03-12 08:40:43.110214,507.42,3441,2844,148.248,3.249,99.263,0.0,0,normal
2024-03-13 08:40:43.110214,508.022,6608,1155,179.274,4.884,99.633,0.602,0,normal
2024-03-14 08:40:43.110214,508.762,6338,1847,160.989,4.702,99.405,0.741,0,normal
2024-03-15 08:40:43.110214,510.5,5938,2428,159.293,3.757,99.526,1.737,0,normal
2024-03-16 08:40:43.110214,511.189,2144,737,68.291,15.074,99.555,0.689,0,normal
2024-03-17 08:40:43.110214,511.252,2272,634,68.696,15.211,99.263,0.064,0,normal
2024-03-18 08:40:43.110214,511.252,7879,2285,205.766,3.424,99.389,0.0,0,normal
2024-03-19 08:40:43.110214,512.616,6427,2271,180.549,3.565,99.316,1.364,0,normal
2024-03-20 08:40:43.110214,513.026,5798,3222,189.47,4.499,99.472,0.41,0,normal
2024-03-21 08:40:43.110214,514.03,7697,2996,218.304,3.992,99.06,1.004,0,normal
2024-03-22 08:40:43.110214,514.546,6558,3613,187.564,3.939,99.339,0.516,0,normal
2024-03-23 08:40:43.110214,514.713,1635,502,68.232,12.647,99.313,0.166,0,normal
2024-03-24 08:40:43.110214,515.328,1705,529,57.393,10.249,99.378,0.616,0,normal
2024-03-25 08:40:43.110214,515.937,3859,2963,216.34,3.705,99.155,0.608,0,normal
2024-03-26 08:40:43.110214,515.937,6284,1886,167.77,4.348,99.127,0.0,0,normal
2024-03-27 08:40:43.110214,516.689,5764,2287,178.195,4.247,99.302,0.752,0,normal
2024-03-28 08:40:43.110214,519.661,4604,3018,96.044,2.902,99.104,2.972,0,normal
2024-03-29 08:40:43.110214,519.661,5395,2107,132.034,3.807,99.041,0.0,0,normal
2024-03-30 08:40:43.110214,519.758,1974,887,52.273,12.322,99.231,0.097,0,normal
2024-03-31 08:40:43.110214,519.98,2259,596,54.755,13.479,98.996,0.223,0,normal
2024-04-01 08:40:43.110214,520.361,7190,3549,189.734,3.458,99.103,0.38,0,normal
2024-04-02 08:40:43.110214,521.209,4631,2618,189.552,4.132,99.274,0.848,0,normal
2024-04-03 08:40:43.110214,521.209,7576,1657,149.031,5.263,99.126,0.0,0,normal
2024-04-04 08:40:43.110214,521.209,4424,3208,112.645,5.528,99.092,0.0,0,normal
2024-04-05 08:40:43.110214,522.724,5717,2126,211.199,5.847,99.09,1.515,0,normal
2024-04-06 08:40:43.110214,523.156,2061,766,60.184,13.195,99.113,0.432,0,normal
2024-04-07 08:40:43.110214,523.156,2198,1161,67.176,11.562,99.173,0.0,0,normal
2024-04-08 08:40:43.110214,524.605,7845,3663,287.455,3.874,99.07,1.449,0,normal
2024-04-09 08:40:43.110214,525.087,6584,2498,104.371,4.106,98.835,0.482,0,normal
2024-04-10 08:40:43.110214,525.899,5117,1572,145.957,3.408,98.757,0.812,0,normal
2024-04-11 08:40:43.110214,527.059,3935,3377,163.744,4.414,98.988,1.159,0,normal
2024-04-12 08:40:43.110214,527.857,5154,2363,246.102,4.281,98.908,0.798,0,normal
2024-04-13 08:40:43.110214,527.965,2087,832,56.651,16.45,98.837,0.108,0,normal
2024-04-14 08:40:43.110214,528.171,2254,698,66.324,14.445,98.898,0.206,0,normal
2024-04-15 08:40:43.110214,528.171,9044,2109,216.516,3.901,98.648,0.0,0,normal
2024-04-16 08:40:43.110214,528.922,6329,2859,196.475,4.667,98.868,0.751,0,normal
2024-04-17 08:40:43.110214,528.922,5690,2723,176.348,4.659,98.487,0.0,0,normal
2024-04-18 08:40:43.110214,529.37,5709,2652,173.314,4.369,98.793,0.448,0,normal
2024-04-19 08:40:43.110214,529.37,6268,1760,209.24,4.166,98.774,0.0,0,normal
2024-04-20 08:40:43.110214,529.638,2520,835,70.318,9.529,98.468,0.269,0,normal
2024-04-21 08:40:43.110214,529.638,2210,928,60.47,14.946,98.689,0.0,0,normal
2024-04-22 08:40:43.110214,529.669,10603,2755,208.294,4.108,98.659,0.03,0,normal
2024-04-23 08:40:43.110214,529.669,6571,2144,149.362,3.648,98.733,0.0,0,normal
2024-04-24 08:40:43.110214,529.669,5714,2421,217.077,3.653,98.72,0.0,0,normal
2024-04-25 08:40:43.110214,530.174,4895,3495,153.413,5.16,98.552,0.505,0,normal
2024-04-26 08:40:43.110214,532.326,5089,2025,154.585,3.961,98.398,2.151,0,normal
2024-04-27 08:40:43.110214,532.397,1939,732,48.264,14.092,98.69,0.072,0,normal
2024-04-28 08:40:43.110214,532.964,1801,913,62.029,9.469,98.45,0.566,0,normal
2024-04-29 08:40:43.110214,532.964,7722,2755,246.893,3.623,98.451,0.0,0,normal
2024-04-30 08:40:43.110214,534.629,5566,1886,132.845,3.839,98.344,1.665,0,normal
2024-05-01 08:40:43.110214,534.629,5741,2659,142.001,1.926,98.389,0.0,0,normal
2024-05-02 08:40:43.110214,534.629,5243,2840,192.104,5.632,98.531,0.0,0,normal
2024-05-03 08:40:43.110214,535.524,6066,2782,184.623,4.63,98.225,0.895,0,normal
2024-05-04 08:40:43.110214,535.988,2384,1010,73.822,13.797,98.544,0.464,0,normal
2024-05-05 08:40:43.110214,536.105,1699,675,64.95,13.337,98.349,0.118,0,normal
2024-05-06 08:40:43.110214,537.474,7757,3031,174.005,3.731,98.265,1.368,0,normal
2024-05-07 08:40:43.110214,539.532,5971,2437,160.96,4.722,98.391,2.058,0,normal
2024-05-08 08:40:43.110214,540.262,6379,2396,159.665,4.483,98.391,0.729,0,normal
2024-05-09 08:40:43.110214,540.615,5930,1363,200.244,4.014,98.085,0.353,0,normal
2024-05-10 08:40:43.110214,541.422,5171,2495,217.509,4.302,98.158,0.807,0,normal
2024-05-11 08:40:43.110214,541.422,1853,578,58.223,13.797,98.369,0.0,0,normal
2024-05-12 08:40:43.110214,541.979,2087,698,47.197,14.245,97.983,0.557,0,normal
2024-05-13 08:40:43.110214,542.62,5951,2922,248.748,2.679,98.301,0.641,0,normal
2024-05-14 08:40:43.110214,544.846,5702,2425,165.564,4.593,98.311,2.226,0,normal
2024-05-15 08:40:43.110214,545.615,5512,2791,162.639,4.699,98.304,0.769,0,normal
2024-05-16 08:40:43.110214,546.291,6104,2536,188.881,4.659,97.996,0.676,0,normal
2024-05-17 08:40:43.110214,546.291,6084,2946,186.628,3.631,98.294,0.0,0,normal
2024-05-18 08:40:43.110214,546.521,1756,1124,59.598,9.638,98.304,0.23,0,normal
2024-05-19 08:40:43.110214,546.521,2203,685,69.958,11.946,98.279,0.0,0,normal
2024-05-20 08:40:43.110214,547.419,6889,1363,165.604,3.739,97.947,0.898,0,normal
2024-05-21 08:40:43.110214,548.476,6245,2287,156.084,4.165,97.781,1.057,0,normal
2024-05-22 08:40:43.110214,548.822,5746,1700,215.723,4.958,97.974,0.346,0,normal
2024-05-23 08:40:43.110214,548.822,5788,2160,170.024,4.223,98.167,0.0,0,normal
2024-05-24 08:40:43.110214,548.87,7610,2631,156.079,4.746,98.129,0.048,0,normal
2024-05-25 08:40:43.110214,549.21,1712,1126,63.579,13.287,97.791,0.34,0,normal
2024-05-26 08:40:43.110214,549.68,2377,703,73.174,12.895,97.945,0.471,0,normal
2024-05-27 08:40:43.110214,551.112,10446,2750,232.671,2.783,97.756,1.432,0,normal
2024-05-28 08:40:43.110214,551.356,5724,3408,222.167,4.651,98.016,0.244,0,normal
2024-05-29 08:40:43.110214,551.356,6334,2040,178.583,5.107,97.746,0.0,0,normal
2024-05-30 08:40:43.110214,551.99,5249,3114,137.259,3.329,97.595,0.634,0,normal
2024-05-31 08:40:43.110214,551.99,7821,2245,223.699,3.212,97.772,0.0,0,normal
2024-06-01 08:40:43.110214,552.064,2531,1048,53.744,13.292,97.69,0.074,0,normal
2024-06-02 08:40:43.110214,552.426,1895,502,59.496,12.187,97.77,0.362,0,normal
2024-06-03 08:40:43.110214,554.673,9050,1825,211.408,2.736,97.522,2.247,0,normal
2024-06-04 08:40:43.110214,556.164,4460,2873,152.143,3.265,97.95,1.491,0,normal
2024-06-05 08:40:43.110214,556.663,5829,1636,201.143,4.004,97.75,0.5,0,normal
2024-06-06 08:40:43.110214,558.013,4309,1866,187.469,4.937,97.708,1.35,0,normal
2024-06-07 08:40:43.110214,559.893,6145,2522,202.121,4.514,97.822,1.88,0,normal
2024-06-08 08:40:43.110214,560.052,1801,808,53.125,12.238,97.437,0.159,0,normal
2024-06-09 08:40:43.110214,560.052,2028,440,69.163,13.193,97.656,0.0,0,normal
2024-06-10 08:40:43.110214,560.052,11465,2411,240.127,2.833,97.526,0.0,0,normal
2024-06-11 08:40:43.110214,561.41,5104,3290,167.018,4.499,97.496,1.358,0,normal
2024-06-12 08:40:43.110214,562.15,7823,2798,181.344,4.036,97.356,0.74,0,normal
2024-06-13 08:40:43.110214,562.982,6894,2914,190.863,3.553,97.604,0.833,0,normal
2024-06-14 08:40:43.110214,563.046,6057,2820,165.244,4.585,97.412,0.063,0,normal
2024-06-15 08:40:43.110214,563.775,1912,973,71.895,10.045,97.356,0.729,0,normal
2024-06-16 08:40:43.110214,564.276,2228,1032,57.386,12.741,97.737,0.502,0,normal
2024-06-17 08:40:43.110214,564.276,6020,2027,284.794,2.882,97.525,0.0,0,normal
2024-06-18 08:40:43.110214,564.276,5435,1630,155.222,4.466,97.365,0.0,0,normal
2024-06-19 08:40:43.110214,564.418,5037,3465,200.726,4.122,97.419,0.142,0,normal
2024-06-20 08:40:43.110214,564.789,5729,1701,128.432,5.353,97.391,0.371,0,normal
2024-06-21 08:40:43.110214,588.902,25334,2591,415.391,5.93,97.422,24.113,1,BACKUP
2024-06-22 08:40:43.110214,589.219,2136,580,55.18,9.705,97.533,0.318,0,normal
2024-06-23 08:40:43.110214,589.466,2166,1222,65.224,12.914,97.33,0.247,0,normal
2024-06-24 08:40:43.110214,589.514,7720,2516,283.45,2.769,97.146,0.048,0,normal
2024-06-25 08:40:43.110214,590.374,5190,2565,199.782,3.887,97.462,0.86,0,normal
2024-06-26 08:40:43.110214,591.046,6574,2546,107.039,4.52,97.237,0.672,0,normal
2024-06-27 08:40:43.110214,593.923,6349,2900,159.19,3.596,97.061,2.878,0,normal
2024-06-28 08:40:43.110214,595.025,7312,1856,142.074,4.83,97.157,1.101,0,normal
2024-06-29 08:40:43.110214,595.454,2211,922,57.552,10.245,97.396,0.429,0,normal
2024-06-30 08:40:43.110214,595.898,1870,1244,41.078,11.405,97.337,0.444,0,normal
2024-07-01 08:40:43.110214,595.898,8254,2196,252.534,2.612,97.402,0.0,0,normal
2024-07-02 08:40:43.110214,596.319,5034,3165,199.034,3.048,97.049,0.421,0,normal
2024-07-03 08:40:43.110214,596.319,6153,2923,192.087,4.158,97.004,0.0,0,normal
2024-07-04 08:40:43.110214,597.89,4394,1455,217.952,3.348,97.061,1.571,0,normal
2024-07-05 08:40:43.110214,597.89,7031,2188,157.524,4.491,97.029,0.0,0,normal
2024-07-06 08:40:43.110214,598.381,1439,602,67.33,9.785,97.303,0.491,0,normal
2024-07-07 08:40:43.110214,598.611,1460,560,59.877,12.727,97.141,0.23,0,normal
2024-07-08 08:40:43.110214,598.713,7717,3074,239.174,2.973,97.083,0.102,0,normal
2024-07-09 08:40:43.110214,600.034,7042,2144,171.924,4.615,97.076,1.321,0,normal
2024-07-10 08:40:43.110214,600.184,6566,1964,180.36,4.914,96.814,0.15,0,normal
2024-07-11 08:40:43.110214,600.398,5910,3576,164.139,4.064,97.055,0.214,0,normal
2024-07-12 08:40:43.110214,600.398,4517,2331,126.188,3.965,96.734,0.0,0,normal
2024-07-13 08:40:43.110214,600.955,2131,1052,40.061,14.937,96.934,0.556,0,normal
2024-07-14 08:40:43.110214,601.535,1174,1065,70.836,16.048,97.094,0.581,0,normal
2024-07-15 08:40:43.110214,602.966,8280,2647,208.721,3.043,96.665,1.43,0,normal
2024-07-16 08:40:43.110214,604.481,5874,1926,248.09,4.983,97.054,1.515,0,normal
2024-07-17 08:40:43.110214,648.873,35000,2240,430.268,7.563,97.035,44.393,1,BULK
2024-07-18 08:40:43.110214,649.791,6298,2263,186.487,4.393,96.862,0.918,0,normal
2024-07-19 08:40:43.110214,649.791,6043,1889,188.028,3.456,96.737,0.0,0,normal
2024-07-20 08:40:43.110214,650.026,2536,826,56.629,11.273,96.695,0.235,0,normal
2024-07-21 08:40:43.110214,650.233,2005,668,44.657,14.325,96.709,0.207,0,normal
2024-07-22 08:40:43.110214,650.233,8761,2077,216.571,2.709,96.586,0.0,0,normal
2024-07-23 08:40:43.110214,650.233,6659,2694,171.641,4.227,96.739,0.0,0,normal
2024-07-24 08:40:43.110214,650.613,6155,1534,177.772,4.337,96.904,0.38,0,normal
2024-07-25 08:40:43.110214,652.032,3721,3366,138.2,4.32,96.776,1.419,0,normal
2024-07-26 08:40:43.110214,652.762,7521,1590,126.11,5.371,96.472,0.73,0,normal
2024-07-27 08:40:43.110214,653.005,2411,598,44.009,11.687,96.477,0.243,0,normal
2024-07-28 08:40:43.110214,654.006,1781,933,62.993,15.103,96.843,1.001,0,normal
2024-07-29 08:40:43.110214,657.051,5891,3042,228.324,4.252,96.516,3.044,0,normal
2024-07-30 08:40:43.110214,657.615,5941,1602,144.566,5.183,96.505,0.564,0,normal
2024-07-31 08:40:43.110214,657.914,5282,2074,180.623,3.855,96.433,0.299,0,normal
2024-08-01 08:40:43.110214,659.737,4966,1564,215.663,4.123,96.487,1.823,0,normal
2024-08-02 08:40:43.110214,660.416,6414,2933,155.728,4.375,96.29,0.679,0,normal
2024-08-03 08:40:43.110214,660.527,2334,810,62.686,15.557,96.348,0.111,0,normal
2024-08-04 08:40:43.110214,661.008,1692,864,65.568,12.079,96.621,0.481,0,normal
2024-08-05 08:40:43.110214,661.008,4845,4387,183.63,3.215,96.269,0.0,0,normal
2024-08-06 08:40:43.110214,661.675,4362,2772,181.244,4.533,96.269,0.667,0,normal
2024-08-07 08:40:43.110214,662.445,6042,2171,218.711,4.689,96.283,0.771,0,normal
2024-08-08 08:40:43.110214,664.049,4674,2560,181.88,4.369,96.182,1.603,0,normal
2024-08-09 08:40:43.110214,665.347,5075,2026,189.358,5.209,96.264,1.298,0,normal
2024-08-10 08:40:43.110214,665.679,2828,993,41.008,12.657,96.327,0.331,0,normal
2024-08-11 08:40:43.110214,666.245,2137,1032,66.732,12.223,96.584,0.567,0,normal
2024-08-12 08:40:43.110214,666.245,8618,2374,273.299,3.108,96.466,0.0,0,normal
2024-08-13 08:40:43.110214,668.724,6158,1681,185.282,5.18,96.271,2.479,0,normal
2024-08-14 08:40:43.110214,669.109,4249,1727,159.442,3.777,96.089,0.385,0,normal
2024-08-15 08:40:43.110214,671.647,5336,2416,199.312,3.361,96.159,2.538,0,normal
2024-08-16 08:40:43.110214,671.647,6957,2003,177.707,3.766,96.246,0.0,0,normal
2024-08-17 08:40:43.110214,671.798,2066,1077,80.061,16.623,96.128,0.152,0,normal
2024-08-18 08:40:43.110214,672.518,1775,949,59.93,15.125,96.407,0.72,0,normal
2024-08-19 08:40:43.110214,673.568,6888,3470,260.824,3.38,96.205,1.049,0,normal
2024-08-20 08:40:43.110214,675.891,5303,1841,148.256,4.254,96.294,2.324,0,normal
2024-08-21 08:40:43.110214,678.251,6402,1769,225.805,5.197,96.324,2.36,0,normal
2024-08-22 08:40:43.110214,679.757,6937,2142,206.961,3.0,96.069,1.506,0,normal
2024-08-23 08:40:43.110214,680.281,4591,2372,121.657,4.573,96.213,0.524,0,normal
2024-08-24 08:40:43.110214,680.573,2371,764,56.312,13.304,95.921,0.293,0,normal
2024-08-25 08:40:43.110214,680.573,965,795,77.723,15.823,95.919,0.0,0,normal
2024-08-26 08:40:43.110214,681.307,7978,2258,239.824,3.027,95.952,0.734,0,normal
2024-08-27 08:40:43.110214,682.201,5539,1845,148.727,4.19,96.124,0.894,0,normal
2024-08-28 08:40:43.110214,683.529,5435,3111,157.375,4.338,96.208,1.327,0,normal
2024-08-29 08:40:43.110214,683.529,6664,2681,164.412,4.394,95.751,0.0,0,normal
2024-08-30 08:40:43.110214,684.999,5636,1987,197.932,3.708,95.708,1.47,0,normal
2024-08-31 08:40:43.110214,685.601,1548,852,46.434,13.433,95.874,0.602,0,normal
2024-09-01 08:40:43.110214,685.938,1708,743,55.732,11.416,96.032,0.337,0,normal
2024-09-02 08:40:43.110214,687.49,9050,2314,227.313,3.562,96.103,1.552,0,normal
2024-09-03 08:40:43.110214,689.136,6142,3237,170.124,3.771,95.874,1.646,0,normal
2024-09-04 08:40:43.110214,690.549,6685,1077,143.47,4.779,96.065,1.413,0,normal
2024-09-05 08:40:43.110214,693.457,7196,2329,153.892,4.307,95.682,2.908,0,normal
2024-09-06 08:40:43.110214,693.881,4922,2050,145.092,4.433,95.952,0.424,0,normal
2024-09-07 08:40:43.110214,694.756,1870,892,63.175,12.436,95.648,0.875,0,normal
2024-09-08 08:40:43.110214,695.395,1971,767,91.931,13.098,95.603,0.639,0,normal
2024-09-09 08:40:43.110214,695.834,9267,2616,156.346,3.44,95.597,0.439,0,normal
2024-09-10 08:40:43.110214,698.589,6867,2068,209.329,4.395,95.894,2.755,0,normal
2024-09-11 08:40:43.110214,700.408,6766,2639,196.472,4.05,95.499,1.819,0,normal
2024-09-12 08:40:43.110214,701.137,5332,1805,184.678,5.783,95.89,0.73,0,normal
2024-09-13 08:40:43.110214,701.196,5948,2424,187.487,4.352,95.702,0.059,0,normal
2024-09-14 08:40:43.110214,701.219,2154,766,69.857,14.875,95.531,0.023,0,normal
2024-09-15 08:40:43.110214,702.412,1710,907,62.71,13.108,95.599,1.193,0,normal
2024-09-16 08:40:43.110214,702.575,9038,3889,220.572,2.202,95.602,0.163,0,normal
2024-09-17 08:40:43.110214,703.07,5234,2813,188.192,3.764,95.416,0.495,0,normal
2024-09-18 08:40:43.110214,703.908,5370,2097,145.981,5.472,95.483,0.838,0,normal
2024-09-19 08:40:43.110214,704.672,4178,2943,169.538,5.2,95.298,0.764,0,normal
2024-09-20 08:40:43.110214,704.905,6085,1689,206.646,4.025,95.68,0.233,0,normal
2024-09-21 08:40:43.110214,705.34,1855,894,54.908,14.055,95.425,0.436,0,normal
2024-09-22 08:40:43.110214,705.753,2698,619,53.223,13.528,95.29,0.413,0,normal
2024-09-23 08:40:43.110214,707.37,8476,3450,179.547,3.778,95.252,1.617,0,normal
2024-09-24 08:40:43.110214,709.066,7716,2231,144.482,5.118,95.412,1.696,0,normal
2024-09-25 08:40:43.110214,710.036,6011,2267,167.108,3.692,95.643,0.97,0,normal
2024-09-26 08:40:43.110214,711.426,5947,2667,159.98,4.705,95.267,1.39,0,normal
2024-09-27 08:40:43.110214,712.274,6669,2027,191.457,4.079,95.567,0.849,0,normal
2024-09-28 08:40:43.110214,712.771,2661,759,56.507,12.461,95.452,0.497,0,normal
2024-09-29 08:40:43.110214,713.055,1421,940,70.501,10.772,95.558,0.284,0,normal
2024-09-30 08:40:43.110214,715.627,9809,2929,218.669,3.371,95.53,2.572,0,normal
2024-10-01 08:40:43.110214,717.797,6109,2902,180.123,4.794,95.126,2.17,0,normal
2024-10-02 08:40:43.110214,719.076,6786,901,191.989,3.893,95.134,1.279,0,normal
2024-10-03 08:40:43.110214,719.076,6666,2419,233.025,3.574,95.184,0.0,0,normal
2024-10-04 08:40:43.110214,721.696,6518,2339,126.443,4.177,95.236,2.62,0,normal
2024-10-05 08:40:43.110214,721.814,2152,825,74.791,13.722,95.206,0.118,0,normal
2024-10-06 08:40:43.110214,722.004,2070,666,46.8,11.276,95.368,0.19,0,normal
2024-10-07 08:40:43.110214,723.422,7202,1604,241.951,2.672,95.277,1.418,0,normal
2024-10-08 08:40:43.110214,724.623,4241,2139,150.876,4.57,95.141,1.201,0,normal
2024-10-09 08:40:43.110214,726.984,6140,2206,150.099,4.213,95.068,2.362,0,normal
2024-10-10 08:40:43.110214,727.823,4926,2856,173.113,5.67,94.86,0.838,0,normal
2024-10-11 08:40:43.110214,728.902,5336,1962,132.891,3.055,95.13,1.079,0,normal
2024-10-12 08:40:43.110214,729.384,2183,515,68.95,11.534,95.186,0.482,0,normal
2024-10-13 08:40:43.110214,729.828,2052,689,52.917,13.186,95.103,0.444,0,normal
2024-10-14 08:40:43.110214,729.828,6529,2857,187.981,3.263,95.234,0.0,0,normal
2024-10-15 08:40:43.110214,731.048,6279,2212,207.759,5.153,95.072,1.22,0,normal
2024-10-16 08:40:43.110214,732.11,5769,2666,179.205,5.011,94.871,1.062,0,normal
2024-10-17 08:40:43.110214,733.53,5810,1914,123.708,3.899,94.969,1.42,0,normal
2024-10-18 08:40:43.110214,734.185,5846,2382,142.954,5.228,94.866,0.655,0,normal
2024-10-19 08:40:43.110214,734.312,2169,952,78.402,11.009,95.034,0.127,0,normal
2024-10-20 08:40:43.110214,735.038,1758,1050,57.5,13.077,94.692,0.726,0,normal
2024-10-21 08:40:43.110214,736.877,5043,2532,156.163,3.958,94.83,1.839,0,normal
2024-10-22 08:40:43.110214,739.001,6916,1735,160.689,3.579,94.665,2.124,0,normal
2024-10-23 08:40:43.110214,739.98,4751,2077,173.925,4.236,94.771,0.979,0,normal
2024-10-24 08:40:43.110214,740.644,5533,1428,149.331,5.019,94.886,0.664,0,normal
2024-10-25 08:40:43.110214,743.314,7707,2060,171.178,3.55,95.034,2.671,0,normal
2024-10-26 08:40:43.110214,743.902,2002,721,58.904,12.323,94.947,0.588,0,normal
2024-10-27 08:40:43.110214,744.198,1350,736,59.066,12.958,94.563,0.296,0,normal
2024-10-28 08:40:43.110214,747.165,7999,2927,241.789,2.496,94.716,2.966,0,normal
2024-10-29 08:40:43.110214,747.326,5939,1689,217.718,4.522,94.549,0.162,0,normal
2024-10-30 08:40:43.110214,747.326,5188,1892,154.651,4.231,94.81,0.0,0,normal
2024-10-31 08:40:43.110214,748.098,5813,2555,200.141,3.078,94.855,0.771,0,normal
2024-11-01 08:40:43.110214,751.215,4798,990,164.277,5.114,94.594,3.117,0,normal
2024-11-02 08:40:43.110214,752.264,1838,570,59.699,11.365,94.612,1.049,0,normal
2024-11-03 08:40:43.110214,752.768,2168,995,60.98,13.116,94.801,0.504,0,normal
2024-11-04 08:40:43.110214,753.889,6601,3589,220.327,2.708,94.352,1.121,0,normal
2024-11-05 08:40:43.110214,756.149,5696,1382,208.78,3.718,94.441,2.26,0,normal
2024-11-06 08:40:43.110214,756.774,5998,1047,250.583,4.16,94.369,0.626,0,normal
2024-11-07 08:40:43.110214,757.955,6045,2569,191.05,4.734,94.681,1.18,0,normal
2024-11-08 08:40:43.110214,759.271,6956,2194,168.611,5.046,94.505,1.317,0,normal
2024-11-09 08:40:43.110214,759.912,2070,796,56.115,14.748,94.393,0.641,0,normal
2024-11-10 08:40:43.110214,760.647,1852,665,71.454,11.437,94.58,0.735,0,normal
2024-11-11 08:40:43.110214,763.415,8192,3489,244.357,2.991,94.322,2.768,0,normal
2024-11-12 08:40:43.110214,765.061,6471,2911,189.304,4.661,94.371,1.646,0,normal
2024-11-13 08:40:43.110214,766.289,4837,2215,151.084,3.878,94.483,1.228,0,normal
2024-11-14 08:40:43.110214,767.413,5860,2230,173.368,4.771,94.487,1.123,0,normal
2024-11-15 08:40:43.110214,768.674,4904,2641,199.455,3.23,94.5,1.261,0,normal
2024-11-16 08:40:43.110214,768.869,2314,686,58.451,13.901,94.143,0.195,0,normal
2024-11-17 08:40:43.110214,769.225,1278,914,47.607,12.62,94.396,0.356,0,normal
2024-11-18 08:40:43.110214,771.216,6346,3226,225.299,3.869,94.33,1.991,0,normal
2024-11-19 08:40:43.110214,774.147,7032,2408,158.365,4.909,94.123,2.931,0,normal
2024-11-20 08:40:43.110214,774.529,5994,3008,139.276,4.393,94.126,0.383,0,normal
2024-11-21 08:40:43.110214,775.788,3919,1940,160.733,3.983,94.119,1.258,0,normal
2024-11-22 08:40:43.110214,777.214,5101,2307,199.959,3.629,94.441,1.426,0,normal
2024-11-23 08:40:43.110214,777.926,1687,681,56.963,9.808,94.031,0.712,0,normal
2024-11-24 08:40:43.110214,778.114,2369,680,58.404,14.39,93.977,0.188,0,normal
2024-11-25 08:40:43.110214,780.274,7360,3179,203.147,2.033,94.095,2.16,0,normal
2024-11-26 08:40:43.110214,781.45,6290,1877,178.006,4.395,94.01,1.177,0,normal
2024-11-27 08:40:43.110214,782.836,5954,1980,163.413,4.776,94.346,1.386,0,normal
2024-11-28 08:40:43.110214,785.252,6172,2235,91.065,4.36,94.12,2.415,0,normal
2024-11-29 08:40:43.110214,786.057,4486,2037,168.251,4.033,93.918,0.805,0,normal
2024-11-30 08:40:43.110214,786.979,1857,886,56.294,16.708,93.868,0.922,0,normal
2024-12-01 08:40:43.110214,832.653,39933,520,425.13,19.879,94.262,45.673,1,BULK
2024-12-02 08:40:43.110214,833.296,7036,4326,194.693,3.416,94.246,0.643,0,normal
2024-12-03 08:40:43.110214,835.544,6285,2418,215.047,4.555,94.126,2.249,0,normal
2024-12-04 08:40:43.110214,836.29,5932,2342,191.447,4.156,94.093,0.746,0,normal
2024-12-05 08:40:43.110214,838.192,6130,2243,158.453,4.161,94.072,1.902,0,normal
2024-12-06 08:40:43.110214,840.97,5292,2126,179.16,5.112,94.147,2.778,0,normal
2024-12-07 08:40:43.110214,840.97,1512,753,47.122,10.087,93.795,0.0,0,normal
2024-12-08 08:40:43.110214,841.028,2226,579,77.711,16.175,93.812,0.058,0,normal
2024-12-09 08:40:43.110214,844.022,7676,3350,297.885,3.531,93.978,2.993,0,normal
2024-12-10 08:40:43.110214,846.436,5261,2094,181.064,4.742,93.634,2.414,0,normal
2024-12-11 08:40:43.110214,847.222,8241,2389,159.772,4.453,93.963,0.787,0,normal
2024-12-12 08:40:43.110214,848.606,7950,2524,196.65,5.726,93.673,1.384,0,normal
2024-12-13 08:40:43.110214,850.58,4853,2731,179.739,4.028,93.903,1.974,0,normal
2024-12-14 08:40:43.110214,851.333,2007,867,71.229,13.535,93.547,0.753,0,normal
2024-12-15 08:40:43.110214,852.208,1676,673,60.623,14.729,93.535,0.875,0,normal
2024-12-16 08:40:43.110214,855.339,5379,2989,221.222,3.043,93.828,3.131,0,normal
2024-12-17 08:40:43.110214,856.076,7046,2638,177.809,4.544,93.869,0.737,0,normal
2024-12-18 08:40:43.110214,858.903,8119,1494,170.844,5.129,93.49,2.826,0,normal
2024-12-19 08:40:43.110214,859.518,6166,2305,177.817,5.472,93.863,0.616,0,normal
2024-12-20 08:40:43.110214,859.899,5719,3479,188.217,4.269,93.636,0.38,0,normal
2024-12-21 08:40:43.110214,860.315,1463,651,73.17,10.827,93.4,0.416,0,normal
2024-12-22 08:40:43.110214,861.308,1966,872,64.077,13.558,93.701,0.993,0,normal
2024-12-23 08:40:43.110214,862.849,5413,3379,240.647,3.94,93.443,1.541,0,normal
2024-12-24 08:40:43.110214,864.577,6675,1204,158.414,4.674,93.558,1.728,0,normal
2024-12-25 08:40:43.110214,865.429,6537,2011,130.616,6.78,93.554,0.852,0,normal
2024-12-26 08:40:43.110214,865.497,4993,2425,123.49,4.054,93.463,0.068,0,normal
2024-12-27 08:40:43.110214,865.497,7416,1883,193.95,3.593,93.538,0.0,0,normal
2024-12-28 08:40:43.110214,866.218,2177,1106,41.756,10.977,93.313,0.721,0,normal
2024-12-29 08:40:43.110214,866.644,1600,1055,54.653,9.663,93.585,0.426,0,normal
2024-12-30 08:40:43.110214,868.766,8507,1903,228.457,3.165,93.51,2.122,0,normal
2024-12-31 08:40:43.110214,870.823,5371,1832,169.935,4.974,93.495,2.057,0,normal
2025-01-01 08:40:43.110214,872.946,5815,2978,155.121,4.314,93.506,2.123,0,normal
2025-01-02 08:40:43.110214,874.234,6439,3163,242.489,3.896,93.449,1.288,0,normal
2025-01-03 08:40:43.110214,875.803,4853,2634,201.106,4.235,93.584,1.569,0,normal
2025-01-04 08:40:43.110214,876.117,1652,946,73.378,15.465,93.284,0.314,0,normal
2025-01-05 08:40:43.110214,876.468,1692,633,56.414,10.852,93.069,0.352,0,normal
2025-01-06 08:40:43.110214,876.717,6873,3171,283.835,3.145,93.341,0.249,0,normal
2025-01-07 08:40:43.110214,877.224,5887,1394,194.789,3.377,93.286,0.506,0,normal
2025-01-08 08:40:43.110214,879.126,5598,1821,181.992,5.361,93.153,1.903,0,normal
2025-01-09 08:40:43.110214,880.882,4502,2206,164.61,4.501,93.424,1.756,0,normal
2025-01-10 08:40:43.110214,881.971,6725,2109,159.283,3.692,93.406,1.089,0,normal
2025-01-11 08:40:43.110214,882.63,2265,1005,76.341,8.213,93.289,0.659,0,normal
2025-01-12 08:40:43.110214,883.559,780,942,57.797,13.012,93.117,0.928,0,normal
2025-01-13 08:40:43.110214,885.108,7572,4973,236.49,4.316,93.134,1.549,0,normal
2025-01-14 08:40:43.110214,885.108,5072,1763,171.114,4.478,93.045,0.0,0,normal
2025-01-15 08:40:43.110214,886.813,4208,2825,172.686,5.289,93.328,1.705,0,normal
2025-01-16 08:40:43.110214,888.702,5560,1603,192.109,4.075,93.333,1.889,0,normal
2025-01-17 08:40:43.110214,889.814,4480,2075,191.944,4.252,93.107,1.112,0,normal
2025-01-18 08:40:43.110214,890.422,2341,668,47.219,12.008,92.963,0.608,0,normal
2025-01-19 08:40:43.110214,890.75,2059,792,67.009,14.21,93.223,0.328,0,normal
2025-01-20 08:40:43.110214,893.53,8392,3286,218.696,3.549,93.209,2.779,0,normal
2025-01-21 08:40:43.110214,895.008,6151,2320,134.041,4.514,92.949,1.478,0,normal
2025-01-22 08:40:43.110214,896.617,4255,2389,152.337,5.534,92.904,1.61,0,normal
2025-01-23 08:40:43.110214,898.252,7687,2553,180.714,3.606,93.113,1.635,0,normal
2025-01-24 08:40:43.110214,901.406,5100,1841,169.879,5.771,92.826,3.154,0,normal
2025-01-25 08:40:43.110214,902.186,2362,438,79.487,11.383,92.866,0.78,0,normal
2025-01-26 08:40:43.110214,902.193,2060,775,49.93,9.908,92.667,0.007,0,normal
2025-01-27 08:40:43.110214,904.812,5549,3965,230.327,3.066,92.924,2.619,0,normal
2025-01-28 08:40:43.110214,906.421,6497,2692,214.449,3.769,92.763,1.609,0,normal
2025-01-29 08:40:43.110214,908.612,7509,2292,193.431,4.123,93.033,2.191,0,normal
2025-01-30 08:40:43.110214,910.488,6058,2327,211.217,4.531,92.719,1.876,0,normal
2025-01-31 08:40:43.110214,910.642,4758,2636,202.96,4.704,93.009,0.155,0,normal
2025-02-01 08:40:43.110214,910.874,1324,882,46.505,9.062,92.847,0.232,0,normal
2025-02-02 08:40:43.110214,911.827,1902,960,41.725,12.39,92.6,0.953,0,normal
2025-02-03 08:40:43.110214,914.27,4140,3659,196.768,2.599,92.573,2.444,0,normal
2025-02-04 08:40:43.110214,915.531,6633,2098,201.231,4.183,92.633,1.261,0,normal
2025-02-05 08:40:43.110214,917.107,7066,1702,175.767,4.072,92.681,1.576,0,normal
2025-02-06 08:40:43.110214,919.974,6231,2994,183.903,3.434,92.707,2.867,0,normal
2025-02-07 08:40:43.110214,921.124,5718,1947,146.574,4.861,92.834,1.151,0,normal
2025-02-08 08:40:43.110214,921.627,2535,815,68.089,13.593,92.647,0.502,0,normal
2025-02-09 08:40:43.110214,922.148,2280,507,63.534,11.957,92.413,0.521,0,normal
2025-02-10 08:40:43.110214,924.419,6834,3384,246.053,3.657,92.513,2.271,0,normal
2025-02-11 08:40:43.110214,924.724,4942,1917,141.104,4.018,92.547,0.305,0,normal
2025-02-12 08:40:43.110214,927.281,6044,2412,157.842,2.905,92.58,2.557,0,normal
2025-02-13 08:40:43.110214,927.281,4647,1903,214.983,2.427,92.397,0.0,0,normal
2025-02-14 08:40:43.110214,928.512,5851,2879,153.056,5.018,92.476,1.231,0,normal
2025-02-15 08:40:43.110214,928.759,1358,903,63.487,13.127,92.435,0.247,0,normal
2025-02-16 08:40:43.110214,929.041,1908,739,51.017,11.481,92.584,0.282,0,normal
2025-02-17 08:40:43.110214,930.123,5845,3302,283.352,3.313,92.308,1.082,0,normal
2025-02-18 08:40:43.110214,931.959,6144,2709,215.33,3.988,92.563,1.836,0,normal
2025-02-19 08:40:43.110214,934.082,3723,2114,174.128,4.44,92.396,2.123,0,normal
2025-02-20 08:40:43.110214,935.999,5644,2674,172.792,4.625,92.566,1.917,0,normal
2025-02-21 08:40:43.110214,938.332,6897,2578,210.863,4.639,92.399,2.333,0,normal
2025-02-22 08:40:43.110214,939.181,1905,865,66.354,13.215,92.217,0.85,0,normal
2025-02-23 08:40:43.110214,940.092,2295,991,59.006,11.809,92.419,0.911,0,normal
2025-02-24 08:40:43.110214,941.922,8909,5107,211.434,3.982,92.299,1.83,0,normal
2025-02-25 08:40:43.110214,943.549,5544,1835,153.15,4.329,92.43,1.626,0,normal
2025-02-26 08:40:43.110214,944.672,6436,2539,182.87,4.372,92.275,1.123,0,normal
2025-02-27 08:40:43.110214,946.61,5758,2265,156.073,4.453,92.175,1.938,0,normal
2025-02-28 08:40:43.110214,948.022,4833,3054,159.489,4.257,92.284,1.412,0,normal
2025-03-01 08:40:43.110214,948.547,2234,856,63.056,15.392,92.391,0.525,0,normal
2025-03-02 08:40:43.110214,948.687,1402,1127,72.066,18.0,92.243,0.14,0,normal
2025-03-03 08:40:43.110214,952.237,8543,2459,281.491,2.677,92.202,3.55,0,normal
2025-03-04 08:40:43.110214,955.129,5244,1943,136.228,5.732,91.99,2.892,0,normal
2025-03-05 08:40:43.110214,956.949,6952,1889,202.998,5.489,92.163,1.82,0,normal
2025-03-06 08:40:43.110214,958.044,4450,2482,202.225,4.546,91.901,1.095,0,normal
2025-03-07 08:40:43.110214,960.614,6640,3375,213.362,4.233,92.09,2.569,0,normal
2025-03-08 08:40:43.110214,960.861,1970,897,76.307,17.34,91.976,0.247,0,normal
2025-03-09 08:40:43.110214,961.196,2264,1033,61.143,8.97,91.947,0.335,0,normal
2025-03-10 08:40:43.110214,963.08,8328,3356,238.121,3.318,91.86,1.884,0,normal
2025-03-11 08:40:43.110214,965.479,6594,2087,157.913,3.165,92.025,2.399,0,normal
2025-03-12 08:40:43.110214,966.964,6764,2484,162.28,5.336,92.112,1.485,0,normal
2025-03-13 08:40:43.110214,970.28,5857,3281,151.71,4.511,91.785,3.316,0,normal
2025-03-14 08:40:43.110214,971.66,8285,1691,141.552,3.541,91.691,1.38,0,normal
2025-03-15 08:40:43.110214,972.203,1986,757,54.72,12.979,91.996,0.543,0,normal
2025-03-16 08:40:43.110214,972.963,2012,600,42.486,9.445,91.935,0.76,0,normal
2025-03-17 08:40:43.110214,975.471,6686,3596,268.868,3.458,91.825,2.508,0,normal
2025-03-18 08:40:43.110214,976.234,5424,2795,212.461,3.299,91.773,0.763,0,normal
2025-03-19 08:40:43.110214,976.234,4344,2890,171.968,4.836,91.816,0.0,0,normal
2025-03-20 08:40:43.110214,977.934,6721,2116,157.567,4.455,91.726,1.7,0,normal
2025-03-21 08:40:43.110214,981.175,6117,2116,209.252,3.429,91.553,3.241,0,normal
2025-03-22 08:40:43.110214,982.505,2060,727,40.068,8.399,91.664,1.33,0,normal
2025-03-23 08:40:43.110214,983.199,2258,1013,62.998,11.205,91.616,0.694,0,normal
2025-03-24 08:40:43.110214,985.776,7762,2435,210.756,3.428,91.85,2.577,0,normal
2025-03-25 08:40:43.110214,987.745,6514,2719,141.511,4.377,91.457,1.969,0,normal
2025-03-26 08:40:43.110214,991.886,4701,3072,179.625,4.482,91.862,4.141,0,normal
2025-03-27 08:40:43.110214,993.119,5091,2748,218.72,4.753,91.516,1.233,0,normal
2025-03-28 08:40:43.110214,995.055,5383,1852,114.563,3.477,91.549,1.936,0,normal
2025-03-29 08:40:43.110214,995.576,2236,1058,62.571,10.113,91.626,0.521,0,normal
2025-03-30 08:40:43.110214,996.106,1959,661,63.337,12.541,91.759,0.53,0,normal
2025-03-31 08:40:43.110214,997.966,6846,2151,246.956,2.579,91.671,1.86,0,normal
2025-04-01 08:40:43.110214,998.579,5956,2448,158.446,4.154,91.387,0.613,0,normal
2025-04-02 08:40:43.110214,1001.176,7303,2260,137.5,3.857,91.625,2.596,0,normal
2025-04-03 08:40:43.110214,1003.921,5583,2836,171.328,4.479,91.403,2.745,0,normal
2025-04-04 08:40:43.110214,1004.948,4318,2020,141.106,4.5,91.408,1.027,0,normal
2025-04-05 08:40:43.110214,1005.59,2062,612,60.165,11.796,91.484,0.642,0,normal
2025-04-06 08:40:43.110214,1006.466,2704,996,72.905,12.911,91.637,0.876,0,normal
2025-04-07 08:40:43.110214,1008.545,6536,4140,259.702,3.35,91.233,2.079,0,normal
2025-04-08 08:40:43.110214,1010.424,7141,2348,222.165,4.164,91.172,1.879,0,normal
2025-04-09 08:40:43.110214,1013.19,5848,2388,153.245,4.069,91.21,2.766,0,normal
2025-04-10 08:40:43.110214,1015.252,5522,968,165.187,4.496,91.328,2.062,0,normal
2025-04-11 08:40:43.110214,1017.867,3634,2782,152.577,4.905,91.126,2.615,0,normal
2025-04-12 08:40:43.110214,1018.416,2266,893,76.283,17.459,91.281,0.548,0,normal
2025-04-13 08:40:43.110214,1019.789,2241,1045,54.192,12.761,91.367,1.373,0,normal
2025-04-14 08:40:43.110214,1021.301,6316,2067,234.371,2.8,91.06,1.513,0,normal
2025-04-15 08:40:43.110214,1022.451,5897,2597,193.837,5.043,91.206,1.149,0,normal
2025-04-16 08:40:43.110214,1024.399,7418,2486,177.35,5.365,91.255,1.948,0,normal
2025-04-17 08:40:43.110214,1025.475,6920,2688,176.278,4.064,91.359,1.077,0,normal
2025-04-18 08:40:43.110214,1027.011,7846,2075,181.54,3.356,91.026,1.536,0,normal
2025-04-19 08:40:43.110214,1027.928,2233,936,53.524,10.253,91.199,0.917,0,normal
2025-04-20 08:40:43.110214,1028.628,2031,958,75.56,16.325,91.306,0.7,0,normal
2025-04-21 08:40:43.110214,1032.139,9022,3120,171.208,2.769,91.016,3.511,0,normal
2025-04-22 08:40:43.110214,1033.273,5605,1981,125.314,3.655,91.223,1.134,0,normal
2025-04-23 08:40:43.110214,1034.044,5874,2092,221.36,5.098,91.253,0.772,0,normal
2025-04-24 08:40:43.110214,1036.758,4205,2383,245.339,4.819,91.159,2.713,0,normal
2025-04-25 08:40:43.110214,1038.446,7760,2049,113.255,4.751,91.09,1.689,0,normal
2025-04-26 08:40:43.110214,1038.901,2317,722,51.795,12.538,90.795,0.455,0,normal
2025-04-27 08:40:43.110214,1039.644,1972,926,55.214,11.639,91.147,0.742,0,normal
2025-04-28 08:40:43.110214,1040.937,8770,2565,150.19,3.474,91.11,1.294,0,normal
2025-04-29 08:40:43.110214,1043.537,5175,1848,166.874,5.377,90.794,2.599,0,normal
2025-04-30 08:40:43.110214,1046.246,4747,2101,199.928,3.787,91.056,2.709,0,normal
2025-05-01 08:40:43.110214,1049.118,5600,1809,176.742,4.401,90.883,2.872,0,normal
2025-05-02 08:40:43.110214,1051.271,6013,2270,135.061,4.59,90.689,2.154,0,normal
2025-05-03 08:40:43.110214,1051.715,2149,684,71.52,16.144,90.949,0.444,0,normal
2025-05-04 08:40:43.110214,1052.263,1952,635,61.885,12.634,90.773,0.548,0,normal
2025-05-05 08:40:43.110214,1056.111,9379,1616,255.531,2.952,91.053,3.847,0,normal
2025-05-06 08:40:43.110214,1057.882,5087,2390,148.457,4.572,90.69,1.771,0,normal
2025-05-07 08:40:43.110214,1059.644,6668,3083,162.043,4.68,90.625,1.763,0,normal
2025-05-08 08:40:43.110214,1062.24,6568,1488,183.377,5.3,91.025,2.596,0,normal
2025-05-09 08:40:43.110214,1063.889,5027,2691,173.171,4.023,90.911,1.649,0,normal
2025-05-10 08:40:43.110214,1064.587,2070,874,52.02,13.046,90.962,0.699,0,normal
2025-05-11 08:40:43.110214,1074.428,2050,834,48.157,12.895,90.8,9.84,0,stress
2025-05-12 08:40:43.110214,1085.872,8627,2796,215.036,4.13,90.821,11.444,0,stress
2025-05-13 08:40:43.110214,1097.891,5198,2416,225.304,3.352,90.782,12.019,0,stress
2025-05-14 08:40:43.110214,1107.667,4465,1505,203.859,3.847,90.531,9.777,0,stress
2025-05-15 08:40:43.110214,1117.058,5828,2206,137.311,4.818,90.427,9.391,0,stress
2025-05-16 08:40:43.110214,1127.459,5447,2772,168.438,4.303,90.611,10.401,0,stress
2025-05-17 08:40:43.110214,1135.667,1365,853,52.944,10.616,90.842,8.208,0,stress
2025-05-18 08:40:43.110214,1145.419,1453,702,62.812,10.746,90.811,9.752,0,stress
2025-05-19 08:40:43.110214,1151.267,4454,2552,181.889,2.809,90.658,5.848,0,stress
2025-05-20 08:40:43.110214,1160.829,3560,2456,194.144,4.072,90.544,9.562,0,stress
2025-05-21 08:40:43.110214,1172.025,4127,2085,122.993,4.6,90.666,11.196,0,stress
2025-05-22 08:40:43.110214,1179.605,6775,2578,196.377,3.607,90.648,7.58,0,stress
2025-05-23 08:40:43.110214,1189.036,6030,2456,141.684,4.227,90.423,9.431,0,stress
2025-05-24 08:40:43.110214,1194.616,1912,379,46.333,10.573,90.269,5.581,0,stress
2025-05-25 08:40:43.110214,1195.13,1962,313,61.868,10.39,90.471,0.513,0,normal
2025-05-26 08:40:43.110214,1198.593,8670,2274,273.099,3.088,90.633,3.464,0,normal
2025-05-27 08:40:43.110214,1199.775,6408,2035,169.071,4.538,90.518,1.182,0,normal
2025-05-28 08:40:43.110214,1200.942,4752,2099,132.567,3.867,90.506,1.167,0,normal
2025-05-29 08:40:43.110214,1203.971,4745,3030,169.042,4.359,90.579,3.029,0,normal
2025-05-30 08:40:43.110214,1208.278,7095,2010,183.495,3.373,90.542,4.307,0,normal
2025-05-31 08:40:43.110214,1209.02,1581,744,53.0,10.365,90.439,0.742,0,normal
2025-06-01 08:40:43.110214,1209.282,2308,632,47.78,14.183,90.168,0.262,0,normal
2025-06-02 08:40:43.110214,1212.446,7336,4193,243.814,4.316,90.419,3.164,0,normal
2025-06-03 08:40:43.110214,1213.921,4758,2351,197.39,3.766,90.303,1.475,0,normal
2025-06-04 08:40:43.110214,1217.188,5669,2253,181.521,5.19,90.318,3.267,0,normal
2025-06-05 08:40:43.110214,1218.714,6520,1645,141.064,4.948,90.07,1.526,0,normal
2025-06-06 08:40:43.110214,1221.131,5898,1715,185.95,5.796,90.404,2.417,0,normal
2025-06-07 08:40:43.110214,1221.847,1832,613,60.125,11.573,90.044,0.716,0,normal
2025-06-08 08:40:43.110214,1222.251,2815,820,43.153,8.371,90.095,0.404,0,normal
2025-06-09 08:40:43.110214,1225.024,10340,2918,226.38,2.443,90.319,2.773,0,normal
2025-06-10 08:40:43.110214,1226.658,5975,1863,124.508,4.459,90.128,1.633,0,normal
2025-06-11 08:40:43.110214,1234.562,5712,2909,190.824,4.668,90.312,7.904,0,stress
2025-06-12 08:40:43.110214,1242.008,5211,2159,143.57,4.109,90.09,7.446,0,stress
2025-06-13 08:40:43.110214,1249.27,6169,2941,210.196,4.878,90.24,7.262,0,stress
2025-06-14 08:40:43.110214,1254.37,1763,861,44.057,15.887,90.267,5.1,0,stress
2025-06-15 08:40:43.110214,1263.845,2172,788,72.288,13.879,90.014,9.474,0,stress
2025-06-16 08:40:43.110214,1275.529,9075,3343,272.099,3.11,90.157,11.685,0,stress
2025-06-17 08:40:43.110214,1286.81,5545,2929,177.305,4.531,90.144,11.28,0,stress
2025-06-18 08:40:43.110214,1296.355,6661,2663,197.618,4.002,89.908,9.546,0,stress
2025-06-19 08:40:43.110214,1307.402,4912,1884,161.708,3.955,89.727,11.047,0,stress
2025-06-20 08:40:43.110214,1316.499,5959,2175,170.377,4.902,89.998,9.097,0,stress
2025-06-21 08:40:43.110214,1322.237,2282,618,49.371,13.668,90.091,5.737,0,stress
2025-06-22 08:40:43.110214,1332.318,2479,840,75.587,10.326,90.004,10.081,0,stress
2025-06-23 08:40:43.110214,1341.5,4249,2462,218.106,2.287,89.937,9.182,0,stress
2025-06-24 08:40:43.110214,1349.513,6937,2281,220.173,4.895,89.706,8.013,0,stress
2025-06-25 08:40:43.110214,1350.979,6107,1483,186.045,4.122,89.557,1.466,0,normal
2025-06-26 08:40:43.110214,1354.4,5872,2211,204.835,4.856,89.88,3.42,0,normal
2025-06-27 08:40:43.110214,1357.93,5709,1917,151.749,5.21,89.873,3.531,0,normal
2025-06-28 08:40:43.110214,1359.557,1619,627,66.726,14.904,89.577,1.626,0,normal
2025-06-29 08:40:43.110214,1360.318,2158,868,58.204,8.987,89.773,0.761,0,normal
2025-06-30 08:40:43.110214,1363.423,9781,3735,183.614,3.406,89.505,3.104,0,normal
2025-07-01 08:40:43.110214,1364.999,6953,2324,192.538,4.571,89.444,1.577,0,normal
2025-07-02 08:40:43.110214,1367.386,5217,2750,175.262,4.591,89.446,2.387,0,normal
2025-07-03 08:40:43.110214,1368.521,6875,2723,111.928,3.893,89.601,1.135,0,normal
2025-07-04 08:40:43.110214,1371.714,6854,2030,149.321,4.304,89.787,3.193,0,normal
2025-07-05 08:40:43.110214,1372.493,1740,855,59.696,10.878,89.651,0.778,0,normal
2025-07-06 08:40:43.110214,1373.983,1181,585,53.505,13.321,89.73,1.49,0,normal
2025-07-07 08:40:43.110214,1376.233,6465,2327,227.428,3.119,89.727,2.249,0,normal
2025-07-08 08:40:43.110214,1379.158,5540,2339,215.644,4.98,89.68,2.925,0,normal
2025-07-09 08:40:43.110214,1381.304,5328,1857,142.947,5.731,89.471,2.146,0,normal
2025-07-10 08:40:43.110214,1383.874,5470,2150,177.015,5.057,89.312,2.57,0,normal
2025-07-11 08:40:43.110214,1387.406,4153,1269,179.99,4.54,89.626,3.532,0,normal
2025-07-12 08:40:43.110214,1387.406,2370,682,57.691,13.87,89.552,0.0,0,normal
2025-07-13 08:40:43.110214,1388.389,1633,623,43.812,15.038,89.45,0.983,0,normal
2025-07-14 08:40:43.110214,1391.887,8038,2669,167.019,3.948,89.227,3.498,0,normal
2025-07-15 08:40:43.110214,1392.396,6650,2146,174.48,4.224,89.268,0.51,0,normal
2025-07-16 08:40:43.110214,1393.441,5476,1594,154.089,3.779,89.372,1.044,0,normal
2025-07-17 08:40:43.110214,1395.684,6509,2143,171.519,4.739,89.52,2.244,0,normal
2025-07-18 08:40:43.110214,1397.628,5508,2278,160.738,4.335,89.172,1.944,0,normal
2025-07-19 08:40:43.110214,1398.59,2202,942,54.917,8.147,89.249,0.962,0,normal
2025-07-20 08:40:43.110214,1399.631,1690,946,43.351,15.34,89.114,1.041,0,normal
2025-07-21 08:40:43.110214,1401.656,6660,2843,224.55,3.359,89.26,2.025,0,normal
2025-07-22 08:40:43.110214,1403.58,5216,2133,96.338,5.288,89.335,1.925,0,normal
2025-07-23 08:40:43.110214,1404.841,8085,2669,170.227,4.894,89.396,1.261,0,normal
2025-07-24 08:40:43.110214,1408.198,5914,2109,200.393,3.51,89.374,3.356,0,normal
2025-07-25 08:40:43.110214,1410.386,5316,2056,214.193,5.011,89.427,2.188,0,normal
2025-07-26 08:40:43.110214,1411.785,2018,888,47.143,12.425,89.392,1.399,0,normal
2025-07-27 08:40:43.110214,1412.197,2182,631,62.115,14.731,89.179,0.412,0,normal
2025-07-28 08:40:43.110214,1414.462,9479,3857,207.665,3.817,89.033,2.265,0,normal
2025-07-29 08:40:43.110214,1418.938,5564,2650,214.029,3.927,88.99,4.476,0,normal
2025-07-30 08:40:43.110214,1422.056,6155,1115,156.67,5.793,88.998,3.118,0,normal
2025-07-31 08:40:43.110214,1425.466,7789,2385,156.684,3.144,89.251,3.411,0,normal
2025-08-01 08:40:43.110214,1429.567,3934,1733,203.383,3.71,88.944,4.101,0,normal
2025-08-02 08:40:43.110214,1430.601,2047,575,52.701,10.287,89.116,1.034,0,normal
2025-08-03 08:40:43.110214,1431.611,1806,928,54.048,12.43,88.904,1.01,0,normal
2025-08-04 08:40:43.110214,1436.14,6393,2123,210.973,2.748,89.013,4.529,0,normal
2025-08-05 08:40:43.110214,1438.563,6359,2164,177.192,4.091,89.121,2.423,0,normal
2025-08-06 08:40:43.110214,1440.209,3953,2195,181.697,4.159,89.139,1.646,0,normal
2025-08-07 08:40:43.110214,1442.044,5962,1764,146.931,5.307,89.109,1.834,0,normal
2025-08-08 08:40:43.110214,1445.136,4403,2277,121.067,4.506,88.993,3.092,0,normal
2025-08-09 08:40:43.110214,1445.66,2423,887,44.655,14.178,89.002,0.524,0,normal
2025-08-10 08:40:43.110214,1446.196,1825,893,54.325,10.258,88.813,0.537,0,normal
2025-08-11 08:40:43.110214,1446.925,6570,3096,210.423,3.546,88.728,0.729,0,normal
2025-08-12 08:40:43.110214,1450.034,6731,2168,173.689,5.205,88.875,3.109,0,normal
2025-08-13 08:40:43.110214,1450.951,5322,2706,142.897,3.716,88.882,0.917,0,normal
2025-08-14 08:40:43.110214,1455.012,6258,2850,188.668,4.39,89.018,4.061,0,normal
2025-08-15 08:40:43.110214,1457.516,4887,2649,182.495,3.707,88.847,2.504,0,normal
2025-08-16 08:40:43.110214,1457.785,1618,1162,61.362,12.855,88.584,0.269,0,normal
2025-08-17 08:40:43.110214,1458.839,1927,666,68.66,11.935,88.89,1.055,0,normal
2025-08-18 08:40:43.110214,1461.502,6280,2949,243.208,4.074,88.762,2.662,0,normal
2025-08-19 08:40:43.110214,1464.703,5362,2066,202.252,3.36,88.726,3.201,0,normal
2025-08-20 08:40:43.110214,1467.173,5517,2550,187.845,5.126,88.833,2.47,0,normal
2025-08-21 08:40:43.110214,1468.954,7031,3013,164.82,4.67,88.477,1.781,0,normal
2025-08-22 08:40:43.110214,1471.591,4964,3811,146.255,3.86,88.407,2.637,0,normal
2025-08-23 08:40:43.110214,1472.734,1858,772,48.603,13.937,88.721,1.143,0,normal
2025-08-24 08:40:43.110214,1473.471,1937,650,58.908,10.312,88.35,0.737,0,normal
2025-08-25 08:40:43.110214,1477.619,6970,3467,248.671,3.648,88.308,4.148,0,normal
2025-08-26 08:40:43.110214,1479.409,5934,2954,215.242,3.372,88.351,1.79,0,normal
2025-08-27 08:40:43.110214,1482.829,6308,2806,137.333,5.527,88.471,3.42,0,normal
2025-08-28 08:40:43.110214,1485.117,3747,1903,103.572,4.661,88.669,2.288,0,normal
2025-08-29 08:40:43.110214,1487.823,4941,2080,127.865,4.972,88.556,2.706,0,normal
2025-08-30 08:40:43.110214,1488.631,1790,730,65.218,14.427,88.267,0.808,0,normal
2025-08-31 08:40:43.110214,1489.969,1968,823,47.132,12.716,88.594,1.339,0,normal
2025-09-01 08:40:43.110214,1492.642,7444,2851,188.013,3.253,88.421,2.673,0,normal
2025-09-02 08:40:43.110214,1494.578,6864,2226,107.124,5.833,88.432,1.936,0,normal
2025-09-03 08:40:43.110214,1497.504,6658,2082,152.87,5.196,88.461,2.926,0,normal
2025-09-04 08:40:43.110214,1500.77,5259,2652,149.588,6.19,88.165,3.266,0,normal
2025-09-05 08:40:43.110214,1503.428,4771,1361,175.596,4.731,88.209,2.657,0,normal
2025-09-06 08:40:43.110214,1504.537,2134,913,67.617,10.513,88.401,1.11,0,normal
2025-09-07 08:40:43.110214,1505.397,1981,955,70.015,14.041,88.075,0.86,0,normal
2025-09-08 08:40:43.110214,1507.743,7151,2744,193.45,3.831,88.201,2.346,0,normal
2025-09-09 08:40:43.110214,1510.215,4900,2750,204.561,4.486,88.107,2.472,0,normal
2025-09-10 08:40:43.110214,1512.932,5651,2317,156.742,4.377,88.069,2.716,0,normal
2025-09-11 08:40:43.110214,1516.096,3826,2770,152.082,4.181,88.021,3.164,0,normal
2025-09-12 08:40:43.110214,1519.512,6014,1411,160.56,4.943,87.954,3.416,0,normal
2025-09-13 08:40:43.110214,1520.446,1598,747,47.118,10.702,87.922,0.934,0,normal
2025-09-14 08:40:43.110214,1520.704,2220,942,72.253,12.767,88.221,0.258,0,normal
2025-09-15 08:40:43.110214,1525.431,5881,2335,262.155,3.284,88.001,4.727,0,normal
2025-09-16 08:40:43.110214,1526.836,5560,1729,129.899,4.286,88.292,1.406,0,normal
2025-09-17 08:40:43.110214,1529.443,7052,2327,179.484,5.082,87.853,2.607,0,normal
2025-09-18 08:40:43.110214,1532.056,5399,3117,219.708,4.872,88.211,2.613,0,normal
2025-09-19 08:40:43.110214,1535.818,5542,1777,223.128,3.797,88.087,3.762,0,normal
2025-09-20 08:40:43.110214,1536.836,1771,919,53.207,10.851,87.782,1.017,0,normal
2025-09-21 08:40:43.110214,1538.035,2381,806,78.831,12.564,87.936,1.199,0,normal
2025-09-22 08:40:43.110214,1543.008,4349,1394,248.398,4.027,87.909,4.973,0,normal
2025-09-23 08:40:43.110214,1547.065,3181,2672,188.091,4.676,87.795,4.057,0,normal
2025-09-24 08:40:43.110214,1549.899,7706,2653,177.903,4.816,87.773,2.834,0,normal
2025-09-25 08:40:43.110214,1553.01,7682,2075,128.923,4.398,87.882,3.111,0,normal
2025-09-26 08:40:43.110214,1555.851,5893,2657,218.68,4.46,87.788,2.841,0,normal
2025-09-27 08:40:43.110214,1556.73,1501,386,54.813,7.339,88.024,0.88,0,normal
2025-09-28 08:40:43.110214,1557.818,1740,773,71.129,12.977,87.74,1.087,0,normal
2025-09-29 08:40:43.110214,1560.443,7179,3145,172.236,3.448,87.966,2.625,0,normal
2025-09-30 08:40:43.110214,1561.79,5420,2860,193.22,3.939,87.89,1.347,0,normal
2025-10-01 08:40:43.110214,1564.618,4760,3153,190.512,4.114,87.9,2.828,0,normal
2025-10-02 08:40:43.110214,1565.862,4789,2853,135.392,4.647,87.575,1.244,0,normal
2025-10-03 08:40:43.110214,1571.004,5816,1977,175.673,4.342,87.892,5.142,0,normal
2025-10-04 08:40:43.110214,1571.301,2703,776,67.288,9.705,87.565,0.297,0,normal
2025-10-05 08:40:43.110214,1571.657,2173,476,53.388,14.231,87.542,0.356,0,normal
2025-10-06 08:40:43.110214,1575.96,5253,3708,203.754,3.363,87.566,4.303,0,normal
2025-10-07 08:40:43.110214,1578.319,5706,2217,154.757,3.631,87.608,2.359,0,normal
2025-10-08 08:40:43.110214,1583.231,7926,2167,162.699,4.176,87.599,4.913,0,normal
2025-10-09 08:40:43.110214,1585.51,5734,1863,165.136,2.703,87.57,2.279,0,normal
2025-10-10 08:40:43.110214,1588.878,5114,2784,173.718,4.73,87.547,3.369,0,normal
2025-10-11 08:40:43.110214,1590.19,2445,304,64.237,9.734,87.642,1.311,0,normal
2025-10-12 08:40:43.110214,1590.76,2150,685,79.078,12.355,87.387,0.57,0,normal
2025-10-13 08:40:43.110214,1592.25,6501,3017,252.504,2.625,87.74,1.49,0,normal
2025-10-14 08:40:43.110214,1594.974,6124,2861,143.09,3.946,87.496,2.724,0,normal
2025-10-15 08:40:43.110214,1596.469,6150,3011,140.967,4.895,87.383,1.495,0,normal
2025-10-16 08:40:43.110214,1598.714,5401,2432,160.079,3.842,87.474,2.246,0,normal
2025-10-17 08:40:43.110214,1602.09,6269,2512,178.126,3.736,87.58,3.376,0,normal
2025-10-18 08:40:43.110214,1603.395,1658,908,60.709,10.708,87.281,1.305,0,normal
2025-10-19 08:40:43.110214,1604.396,1936,785,73.709,14.566,87.222,1.001,0,normal
2025-10-20 08:40:43.110214,1609.217,6151,3148,238.712,2.999,87.559,4.821,0,normal
2025-10-21 08:40:43.110214,1611.846,3618,1479,153.439,4.637,87.224,2.629,0,normal
2025-10-22 08:40:43.110214,1614.012,6615,1917,176.57,2.662,87.182,2.166,0,normal
2025-10-23 08:40:43.110214,1617.485,6388,2172,197.272,5.05,87.171,3.473,0,normal
2025-10-24 08:40:43.110214,1619.394,5323,2719,176.476,3.997,87.537,1.909,0,normal
2025-10-25 08:40:43.110214,1620.743,1568,615,54.795,11.815,87.31,1.349,0,normal
2025-10-26 08:40:43.110214,1621.15,2252,942,71.93,12.202,87.47,0.407,0,normal
2025-10-27 08:40:43.110214,1625.664,6777,3111,223.435,4.106,87.306,4.514,0,normal
2025-10-28 08:40:43.110214,1628.316,3778,1668,183.417,5.566,87.014,2.652,0,normal
2025-10-29 08:40:43.110214,1630.743,5481,3119,130.868,4.079,87.139,2.428,0,normal
2025-10-30 08:40:43.110214,1634.394,7004,1498,164.215,4.635,87.243,3.65,0,normal
2025-10-31 08:40:43.110214,1637.865,8594,2375,120.001,4.666,87.28,3.472,0,normal
2025-11-01 08:40:43.110214,1639.123,1766,651,50.499,12.103,87.318,1.258,0,normal
2025-11-02 08:40:43.110214,1639.713,2062,767,55.638,12.666,87.332,0.589,0,normal
2025-11-03 08:40:43.110214,1641.589,7987,3151,233.45,4.225,86.933,1.876,0,normal
2025-11-04 08:40:43.110214,1645.412,5416,2158,169.886,4.886,87.262,3.823,0,normal
2025-11-05 08:40:43.110214,1648.839,4330,2386,144.458,4.999,87.164,3.427,0,normal
2025-11-06 08:40:43.110214,1651.615,7004,1800,220.759,4.981,87.224,2.776,0,normal
2025-11-07 08:40:43.110214,1653.124,4471,2020,181.543,4.444,86.783,1.51,0,normal
2025-11-08 08:40:43.110214,1653.601,1882,1010,58.075,13.297,87.101,0.477,0,normal
2025-11-09 08:40:43.110214,1654.738,1079,825,73.489,15.495,87.179,1.137,0,normal
2025-11-10 08:40:43.110214,1657.732,3596,4305,184.714,3.632,86.757,2.994,0,normal
2025-11-11 08:40:43.110214,1659.457,4959,1748,131.323,3.958,87.097,1.725,0,normal
2025-11-12 08:40:43.110214,1662.218,5364,1554,157.438,5.354,86.753,2.761,0,normal
2025-11-13 08:40:43.110214,1666.328,6054,3161,135.533,4.956,86.861,4.11,0,normal
2025-11-14 08:40:43.110214,1668.198,5716,1882,143.809,3.734,86.805,1.87,0,normal
2025-11-15 08:40:43.110214,1668.751,2080,990,71.045,11.297,87.078,0.553,0,normal
2025-11-16 08:40:43.110214,1669.964,1415,821,59.33,13.081,86.842,1.214,0,normal
2025-11-17 08:40:43.110214,1673.326,6388,3734,268.471,3.358,86.842,3.361,0,normal
2025-11-18 08:40:43.110214,1676.751,3518,2067,222.292,4.243,86.817,3.425,0,normal
2025-11-19 08:40:43.110214,1679.967,6572,2858,145.163,4.223,87.019,3.216,0,normal
2025-11-20 08:40:43.110214,1683.467,6142,2016,159.626,3.753,86.762,3.5,0,normal
2025-11-21 08:40:43.110214,1684.888,6208,2815,139.378,4.632,86.737,1.421,0,normal
2025-11-22 08:40:43.110214,1685.846,1758,443,54.983,12.357,86.845,0.958,0,normal
2025-11-23 08:40:43.110214,1686.663,2481,626,49.339,12.622,86.471,0.817,0,normal
2025-11-24 08:40:43.110214,1692.039,8382,3455,220.026,2.371,86.651,5.376,0,normal
2025-11-25 08:40:43.110214,1694.65,6010,1837,212.525,4.575,86.418,2.611,0,normal
2025-11-26 08:40:43.110214,1697.665,4024,2332,175.083,4.82,86.862,3.015,0,normal
2025-11-27 08:40:43.110214,1700.609,6756,2360,166.76,3.16,86.708,2.943,0,normal
2025-11-28 08:40:43.110214,1704.208,7448,2093,206.579,5.523,86.67,3.599,0,normal
2025-11-29 08:40:43.110214,1705.118,2656,757,45.39,11.203,86.655,0.91,0,normal
2025-11-30 08:40:43.110214,1706.321,2443,832,64.351,16.409,86.337,1.203,0,normal
2025-12-01 08:40:43.110214,1711.704,10103,3235,195.264,3.7,86.354,5.383,0,normal
2025-12-02 08:40:43.110214,1714.621,5597,2139,155.217,4.532,86.7,2.917,0,normal
2025-12-03 08:40:43.110214,1717.019,6072,2478,170.707,4.224,86.49,2.398,0,normal
2025-12-04 08:40:43.110214,1719.465,6886,1834,189.523,3.779,86.654,2.446,0,normal
2025-12-05 08:40:43.110214,1723.182,5258,2056,207.497,4.379,86.666,3.717,0,normal
2025-12-06 08:40:43.110214,1724.539,2469,735,65.242,14.058,86.355,1.357,0,normal
2025-12-07 08:40:43.110214,1725.558,1647,746,65.372,9.358,86.305,1.019,0,normal
2025-12-08 08:40:43.110214,1729.805,6189,3541,333.619,3.803,86.482,4.246,0,normal
2025-12-09 08:40:43.110214,1733.285,5187,1905,163.724,4.048,86.57,3.48,0,normal
2025-12-10 08:40:43.110214,1736.064,6001,2340,177.312,5.407,86.341,2.778,0,normal
2025-12-11 08:40:43.110214,1739.169,6994,2606,162.318,5.072,86.334,3.105,0,normal
2025-12-12 08:40:43.110214,1742.205,5492,3131,146.695,4.116,86.407,3.036,0,normal
2025-12-13 08:40:43.110214,1743.67,2064,879,44.815,12.322,86.414,1.465,0,normal
2025-12-14 08:40:43.110214,1744.413,2336,943,69.357,12.509,86.451,0.743,0,normal
2025-12-15 08:40:43.110214,1748.108,5564,1579,265.64,2.808,86.321,3.695,0,normal
2025-12-16 08:40:43.110214,1810.729,58087,2415,483.432,19.802,86.275,62.622,1,RANSOMWARE
2025-12-17 08:40:43.110214,1813.189,7012,1742,150.578,5.069,86.053,2.459,0,normal
2025-12-18 08:40:43.110214,1815.832,3899,2782,204.029,5.102,85.981,2.643,0,normal
2025-12-19 08:40:43.110214,1820.384,6239,1965,124.744,4.698,86.181,4.553,0,normal
2025-12-20 08:40:43.110214,1821.732,1350,830,69.553,13.149,86.372,1.347,0,normal
2025-12-21 08:40:43.110214,1823.535,1982,515,50.596,11.378,86.125,1.803,0,normal
2025-12-22 08:40:43.110214,1826.184,6359,2257,220.95,3.012,85.968,2.65,0,normal
2025-12-23 08:40:43.110214,1829.575,6362,2652,181.338,3.774,85.918,3.391,0,normal
2025-12-24 08:40:43.110214,1834.389,6766,3189,100.845,4.415,86.274,4.814,0,normal
2025-12-25 08:40:43.110214,1837.199,3946,2017,141.102,4.442,85.949,2.811,0,normal
2025-12-26 08:40:43.110214,1839.853,6203,2340,202.8,3.673,85.949,2.654,0,normal
2025-12-27 08:40:43.110214,1840.912,2056,831,53.332,12.896,86.197,1.059,0,normal
2025-12-28 08:40:43.110214,1841.869,1777,903,58.506,14.744,85.878,0.957,0,normal
2025-12-29 08:40:43.110214,1846.395,7937,2640,256.487,2.609,86.042,4.526,0,normal
2025-12-30 08:40:43.110214,1849.826,5579,2695,187.201,5.273,86.128,3.431,0,normal
2025-12-31 08:40:43.110214,1854.182,5620,2738,169.187,4.08,85.758,4.356,0,normal
2026-01-01 08:40:43.110214,1856.985,7663,2246,154.251,4.888,85.83,2.803,0,normal
2026-01-02 08:40:43.110214,1860.085,6021,1291,162.413,2.805,85.952,3.1,0,normal
2026-01-03 08:40:43.110214,1861.543,2455,621,69.206,10.977,85.782,1.458,0,normal
2026-01-04 08:40:43.110214,1862.523,2036,713,42.188,8.039,86.051,0.98,0,normal
2026-01-05 08:40:43.110214,1867.849,8214,2685,168.264,3.499,85.972,5.326,0,normal
2026-01-06 08:40:43.110214,1869.57,6321,2652,116.818,3.818,85.775,1.72,0,normal
2026-01-07 08:40:43.110214,1872.932,5419,1640,182.132,4.006,85.999,3.363,0,normal
2026-01-08 08:40:43.110214,1875.669,6939,2453,208.945,4.549,85.843,2.737,0,normal
2026-01-09 08:40:43.110214,1879.865,3981,2686,212.709,5.431,85.649,4.196,0,normal
2026-01-10 08:40:43.110214,1881.142,1791,591,68.501,13.335,85.484,1.278,0,normal
2026-01-11 08:40:43.110214,1881.889,2167,1136,72.432,13.914,85.528,0.746,0,normal
2026-01-12 08:40:43.110214,1887.244,6877,3510,172.706,3.895,85.446,5.355,0,normal
2026-01-13 08:40:43.110214,1890.527,5272,2569,148.985,3.976,85.657,3.283,0,normal
2026-01-14 08:40:43.110214,1893.141,6185,2000,197.833,4.349,85.81,2.614,0,normal
2026-01-15 08:40:43.110214,1895.225,6449,2544,147.115,5.368,85.708,2.084,0,normal
2026-01-16 08:40:43.110214,1898.947,3504,1682,144.935,3.407,85.56,3.723,0,normal
2026-01-17 08:40:43.110214,1900.172,1932,889,57.057,13.087,85.368,1.225,0,normal
2026-01-18 08:40:43.110214,1901.06,2236,787,48.13,14.616,85.707,0.888,0,normal
2026-01-19 08:40:43.110214,1904.602,7126,3917,211.718,2.723,85.732,3.542,0,normal
2026-01-20 08:40:43.110214,1908.348,5245,2855,186.772,5.791,85.422,3.746,0,normal
2026-01-21 08:40:43.110214,1912.553,7268,2803,169.322,5.195,85.244,4.205,0,normal
2026-01-22 08:40:43.110214,1916.046,6268,1845,193.846,3.904,85.666,3.493,0,normal
2026-01-23 08:40:43.110214,1919.427,5840,3088,133.215,3.15,85.543,3.381,0,normal
2026-01-24 08:40:43.110214,1919.946,2133,905,58.995,12.385,85.544,0.519,0,normal
2026-01-25 08:40:43.110214,1921.16,2259,627,68.729,15.4,85.584,1.214,0,normal
2026-01-26 08:40:43.110214,1923.727,6774,3442,184.868,4.25,85.339,2.568,0,normal
2026-01-27 08:40:43.110214,1926.788,6199,1944,148.252,4.502,85.159,3.061,0,normal
2026-01-28 08:40:43.110214,1930.151,7252,2307,155.353,4.14,85.46,3.363,0,normal
2026-01-29 08:40:43.110214,1933.035,6956,2168,153.441,4.367,85.367,2.884,0,normal
2026-01-30 08:40:43.110214,1936.433,5163,2730,178.522,3.663,85.09,3.398,0,normal
2026-01-31 08:40:43.110214,1937.977,1995,1119,55.392,10.961,85.354,1.543,0,normal
2026-02-01 08:40:43.110214,1939.304,1779,835,65.458,8.157,85.016,1.328,0,normal
2026-02-02 08:40:43.110214,1945.247,7353,3927,213.184,3.827,85.288,5.943,0,normal
2026-02-03 08:40:43.110214,1948.782,7442,2978,141.101,4.171,85.426,3.534,0,normal
2026-02-04 08:40:43.110214,1951.437,5056,1846,205.518,3.476,84.972,2.655,0,normal
2026-02-05 08:40:43.110214,1954.792,7242,2034,174.106,4.132,85.204,3.356,0,normal
2026-02-06 08:40:43.110214,1957.912,5759,3156,155.633,5.508,85.294,3.12,0,normal
2026-02-07 08:40:43.110214,1958.944,2128,1027,53.328,11.034,85.076,1.032,0,normal
2026-02-08 08:40:43.110214,1960.011,2432,908,56.048,11.305,85.126,1.067,0,normal
2026-02-09 08:40:43.110214,1966.728,8206,2176,149.35,1.823,85.066,6.716,0,normal
2026-02-10 08:40:43.110214,1971.699,5345,2179,248.348,4.236,85.206,4.971,0,normal
2026-02-11 08:40:43.110214,1973.802,5492,2624,173.81,4.782,84.992,2.103,0,normal
2026-02-12 08:40:43.110214,1976.186,5878,1886,165.378,3.714,84.899,2.384,0,normal
2026-02-13 08:40:43.110214,1981.503,5164,2056,193.155,4.238,84.912,5.317,0,normal
2026-02-14 08:40:43.110214,1982.859,1056,577,69.576,10.653,84.764,1.356,0,normal
2026-02-15 08:40:43.110214,1984.103,2172,610,68.228,10.575,84.838,1.244,0,normal
2026-02-16 08:40:43.110214,1989.77,9611,2207,195.425,3.812,85.099,5.667,0,normal
2026-02-17 08:40:43.110214,1994.21,4925,1808,130.996,4.012,85.175,4.44,0,normal
2026-02-18 08:40:43.110214,1996.447,4459,2147,180.287,4.649,84.856,2.236,0,normal
2026-02-19 08:40:43.110214,1999.39,5880,2057,143.955,3.342,84.759,2.944,0,normal
2026-02-20 08:40:43.110214,2000.0,7036,2236,189.412,4.284,84.675,3.05,0,normal
2026-02-21 08:40:43.110214,2000.0,1780,906,64.096,13.214,84.958,1.688,0,normal
2026-02-22 08:40:43.110214,2000.0,1576,1137,69.781,12.575,84.616,1.233,0,normal
2026-02-23 08:40:43.110214,2000.0,8859,3349,225.983,3.171,84.832,4.15,0,normal
2026-02-24 08:40:43.110214,2000.0,5748,2318,229.909,4.287,84.966,2.712,0,normal
2026-02-25 08:40:43.110214,2000.0,4667,2544,180.865,5.014,84.942,4.906,0,normal
